Message-ID: <2892012.1075844976063.JavaMail.evans@thyme>
Date: Fri, 6 Apr 2001 06:23:00 -0700 (PDT)
From: cindy.stark@enron.com
To: james.prentice@enron.com
Subject: RE: STAN'S ASTROS TICKETS FOR THE MONTH OF APRIL
Cc: janice.hogan@enron.com
Mime-Version: 1.0
Content-Type: text/plain; charset=us-ascii
Content-Transfer-Encoding: 7bit
Bcc: janice.hogan@enron.com
X-From: Cindy Stark
X-To: James Prentice
X-cc: Janice Hogan
X-bcc: 
X-Folder: \Stanley_Horton_2\Notes Folders\'sent mail
X-Origin: HORTON-S
X-FileName: shorton.nsf

No, there are still some left for later on in the month.   I'll get with 
Janice.

Have a great weekend,
Cindy



From: James Prentice/ENRON@enronXgate on 04/06/2001 01:18 PM
To: Stanley Horton/Corp/Enron@Enron
cc:  

Subject: RE: STAN'S ASTROS TICKETS FOR THE MONTH OF APRIL

Cindy, are they all gone yet?  If not, I'd love to give some to the guys and 
gals at the Clean Fuels Plants.  Thanks.

                                                            JSP

                                                                              
                                                                            

 -----Original Message-----
From:  Stark, Cindy   On Behalf Of Horton, Stanley
Sent: Thursday, April 05, 2001 9:51 AM
To: Cordes, Bill; Corman, Shelley; Hotte, Steve; Hayslett, Rod; Lowry, Phil; 
McCarty, Danny; Meyer, Rockford; Moran, Michael P.; Smith, Gary; Prentice, 
James; Gibbs, Dana; Garrison, John; Stone, Sherryl; Fossum, Drew
Subject: STAN'S ASTROS TICKETS FOR THE MONTH OF APRIL

Stan would like to offer out the following Astros tickets (4 tickets per 
game) for the month of April, for business or personal use, as follows:

Thursday, April 5, vs. MIL @ 7:05PM  (short notice!)
Friday, April 6, vs. PIT @ 7:05PM
Saturday, April 7, vs. PIT @ 1:35PM
Sunday, April 8, vs. PIT @ 1:35PM
Sunday, April 22, vs. STL @ 7:05PM
Monday, April 23, vs. ATL @ 7:05PM
Tuesday, April 24, vs. ATL @ 7:05PM
Wednesday, April 25, vs. ATL @ 7:05PM
Friday, April 27, vs. FLA @ 7:05PM
Saturday, April 28, vs. FLA @ 1:35PM
Sunday, April 29, vs. FLA @ 1:35PM

First come, first served.

Thanks,
Cindy
X36197


