Message-ID: <20362581.1075854490928.JavaMail.evans@thyme>
Date: Mon, 10 Jul 2000 06:48:00 -0700 (PDT)
From: david.delainey@enron.com
To: kay.chapman@enron.com
Subject: Re: QBR East Midstream
Mime-Version: 1.0
Content-Type: text/plain; charset=us-ascii
Content-Transfer-Encoding: 7bit
X-From: David W Delainey
X-To: Kay Chapman
X-cc: 
X-bcc: 
X-Folder: \David_Delainey_Dec2000\Notes Folders\'sent mail
X-Origin: Delainey-D
X-FileName: ddelain.nsf

Kay, why are we waiting to the end of August!!

Regards
Delainey
---------------------- Forwarded by David W Delainey/HOU/ECT on 07/10/2000 
01:43 PM ---------------------------
   
	Enron North America Corp.
	
	From:  Kimberly Hillis                           07/10/2000 12:44 PM
	

To: David W Delainey/HOU/ECT@ECT
cc:  
Subject: Re: QBR East Midstream  

Kay,

John is planning on vacation the last week in August.  All other dates are 
good.

k


   
	Enron North America Corp.
	
	From:  David W Delainey                           07/10/2000 12:38 PM
	

Sent by: Kay Chapman
To: Janet R Dietrich/HOU/ECT@ECT, Jeffery Ader/HOU/ECT@ECT, Ozzie 
Pagan/HOU/ECT@ECT, Ben Jacoby/HOU/ECT@ECT, Laura Luce/HOU/ECT@ECT, W David 
Duran/HOU/ECT@ECT, Gil Muhl/Corp/Enron@ENRON, Bruce Sukaly/Corp/Enron@Enron, 
Raymond Bowen/HOU/ECT@ECT, Billy Lemmons/Corp/Enron@ENRON, Don 
Miller/HOU/ECT@ECT, Carl Tricoli/Corp/Enron@Enron, John J 
Lavorato/Corp/Enron@Enron, Mark Frevert/NA/Enron@Enron
cc: Christy Chapman/HOU/ECT@ECT, Claudette Harvey/HOU/ECT@ect, Shelby 
Malkemes/Corp/Enron@ENRON, Lynn Pikofsky/Corp/Enron@ENRON, Tina 
Rode/HOU/ECT@ECT, Marsha Schiller/HOU/ECT@ECT, Maxine E 
Levingston/Corp/Enron@Enron, Deana Fortine/Corp/Enron@ENRON, Kimberly 
Hillis/HOU/ECT@ect, Nicki Daw/NA/Enron@Enron, Jennifer Burns/HOU/ECT@ECT 
Subject: QBR East Midstream

Dave and Mark  would like to have a three (3) hour meeting regarding QBR and 
they have the following dates available.  Could you please let me know your 
availability  for these dates ?


  August   15 -  Tuesday
  August    16 -  Wednesday
  August    17 -  Thursday
  August    18 -   Friday

  August     21 - Monday
  August     22 - Tuesday
  August     23 - Wednesday

Thanks,

Kay 3-0643


