Message-ID: <4192584.1075854709834.JavaMail.evans@thyme>
Date: Tue, 28 Nov 2000 23:59:00 -0800 (PST)
From: eric.bass@enron.com
To: shanna.husser@enron.com
Subject: Re: December out schedule
Mime-Version: 1.0
Content-Type: text/plain; charset=us-ascii
Content-Transfer-Encoding: 7bit
X-From: Eric Bass
X-To: Shanna Husser
X-cc: 
X-bcc: 
X-Folder: \Eric_Bass_Dec2000\Notes Folders\'sent mail
X-Origin: Bass-E
X-FileName: ebass.nsf

are you aure your boss doesn't hate you?


   
	Enron North America Corp.
	
	From:  Shanna Husser @ EES                           11/29/2000 07:56 AM
	

To: Eric Bass/HOU/ECT@ECT
cc:  
Subject: Re: December out schedule


---------------------- Forwarded by Shanna Husser/HOU/EES on 11/29/2000 07:56 
AM ---------------------------


Sally Seelig
11/29/2000 07:55 AM
To: Shanna Husser/HOU/EES@EES
cc:  
Subject: Re: December out schedule  

No problem. Just put a change request in for me to sign.



Shanna Husser
11/29/2000 07:17 AM


To: Sally Seelig/HOU/EES
cc:  
Subject: December out schedule

Sally-

Would there be any problem with me moving my half day off on the 21st to a 
half day off on the 29th?

Shanna
---------------------- Forwarded by Shanna Husser/HOU/EES on 11/29/2000 07:16 
AM ---------------------------

	Enron Energy Services
	
	From:  Deborah Delgado                           11/27/2000 11:42 AM
	Phone No: 713-853-9183
	



To: EES Tax
cc:  
Subject: December out schedule

The following people are scheduled to be on vacation in December.  Let me 
know of any changes by Wednesday, Nov. 29.

Thanks,
Debbie

Barthel, Christina  Dec. 1, 21, 27, 28
Crixell, Cris  Dec. 29 (2 hrs)
Fischer, Jeff  Dec. 21(6 hrs), 27 - 29
Flinn, Dara  Dec. 19 (4 hrs), 20 -28
Hudson, John  Dec. 20, 21, 27
Horrigan, Jim  Dec. 21 - 28
Laird, Rick  Dec. 11, 20, 21
Lange, Ed  Dec. 22 (5 hrs)
Lee, Patty  Dec. 18 - 29
Mertins, Holly  Dec. 27, 28
Ramirez, Angie  Dec. 1, 4,  20 - 29
Reese, Sharon   Dec. 8, 27, 28
Seelig, Sally  Dec. 22, 27, 28
Walther, Britt  Dec. 27 - 29
Delgado, Debbie Dec. 19 - 29
Fischer, Mary  Dec. 4, 5
Husser, Shanna  Dec. 11 - 15,   21(4 hrs)
Lun, Ching  Dec. 27, 28
Avila, Rafael  Dec. 21, 27 - 29

Christmas Holidays  Dec. 25, 26








